size,white,runs,backend,model,time_ms,unique_ms,nodes,status,unique,ok
6,14,12,native,global,0.34640000376384705,0.0,5,FEASIBLE,True,True
6,14,12,native,global_dom,0.025899993488565087,0.0,1,FEASIBLE,True,True
6,16,12,native,global,0.5597999988822266,0.0,6,FEASIBLE,True,True
6,16,12,native,global_dom,0.02989999484270811,0.0,1,FEASIBLE,True,True
6,12,10,native,global,0.20199999562464654,0.0,4,FEASIBLE,True,True
6,12,10,native,global_dom,0.020799998310394585,0.0,1,FEASIBLE,True,True
8,23,16,native,global,1.4623999886680394,0.0,14,FEASIBLE,True,True
8,23,16,native,global_dom,0.039000005926936865,0.0,1,FEASIBLE,True,True
8,24,18,native,global,0.6311000033747405,0.0,7,FEASIBLE,True,True
8,24,18,native,global_dom,0.0602000072831288,0.0,1,FEASIBLE,True,True
8,23,14,native,global,2.0523000130197033,0.0,16,FEASIBLE,True,True
8,23,14,native,global_dom,0.05520001286640763,0.0,1,FEASIBLE,True,True
10,40,26,native,global,1.6876000008778647,0.0,10,FEASIBLE,True,True
10,40,26,native,global_dom,0.08830000297166407,0.0,1,FEASIBLE,True,True
10,38,26,native,global,1.4486000000033528,0.0,15,FEASIBLE,True,True
10,38,26,native,global_dom,0.11660000018309802,0.0,1,FEASIBLE,True,True
10,37,26,native,global,1.8057000124827027,0.0,20,FEASIBLE,True,True
10,37,26,native,global_dom,0.058299992815591395,0.0,1,FEASIBLE,True,True
12,61,42,native,global,7.325500002480112,0.0,62,FEASIBLE,True,True
12,61,42,native,global_dom,0.36779999209102243,0.0,8,FEASIBLE,True,True
12,64,46,native,global,5.911500004003756,0.0,49,FEASIBLE,True,True
12,64,46,native,global_dom,0.18029999046120793,0.0,2,FEASIBLE,True,True
12,57,39,native,global,9.98079999408219,0.0,63,FEASIBLE,True,True
12,57,39,native,global_dom,0.21019999985583127,0.0,2,FEASIBLE,True,True
14,81,56,native,global,158.14010000030976,0.0,1408,FEASIBLE,True,True
14,81,56,native,global_dom,0.7102999952621758,0.0,10,FEASIBLE,True,True
14,77,54,native,global,83.85450000059791,0.0,491,FEASIBLE,True,True
14,77,54,native,global_dom,0.2322000073036179,0.0,3,FEASIBLE,True,True
14,82,66,native,global,1.7800999921746552,0.0,18,FEASIBLE,True,True
14,82,66,native,global_dom,0.24900000425986946,0.0,2,FEASIBLE,True,True
16,103,71,native,global,13.837699996656738,0.0,90,FEASIBLE,True,True
16,103,71,native,global_dom,0.3892999957315624,0.0,3,FEASIBLE,True,True
16,102,70,native,global,19.886399997631088,0.0,170,FEASIBLE,True,True
16,102,70,native,global_dom,0.4813999985344708,0.0,10,FEASIBLE,True,True
16,103,74,native,global,22.328599996399134,0.0,171,FEASIBLE,True,True
16,103,74,native,global_dom,1.4328999968711287,0.0,35,FEASIBLE,True,True
