imagen,t_preproc,t_board,t_grid,t_cells,t_ocr,t_total,t_solver,correcta
01_digital_clean,0.38889799998287344,17.346923999866704,10.160424999412498,8.67727599961654,26.62986199993611,106.73601500002405,0.07044599988148548,True
02_digital_gray,0.34036399938486284,20.02846200048225,10.154324999348319,11.295518000224547,31.588503000421042,87.2706370000742,0.13387999933911487,True
03_digital_lowres,0.08582200007367646,13.948252999398392,9.608546999515966,13.465356000779138,33.073844000682584,75.58880499982479,0.3380530006324989,True
04_photo_mild,1.2485480001487304,53.331343000536435,10.255744000460254,13.895181999941997,38.938632999816036,186.19200099965383,0.12139599948568502,True
05_photo_angle,1.4141409992589615,54.92367999977432,9.06768699951499,16.98380099969654,38.75539100044989,181.72138499994617,0.34610000057000434,True
06_photo_dim,1.4388110002983012,45.673147000343306,9.192063999762468,13.059531999715546,47.29590599981748,184.62788599936175,0.1298219995078398,True
07_photo_shadow,1.247028999387112,58.95633599993744,12.730976999591803,21.434293999845977,54.916445999879215,218.16296099950705,0.21391599966591457,True
08_photo_warm,1.3894539997636457,56.1363730002995,11.51606100029312,19.128926000121282,56.616709000081755,211.04757599914592,0.13043499984632945,True
09_photo_blur,1.4294149996203487,62.975740999718255,12.216794000778464,12.235324999892327,31.583046999912767,176.54612099977385,0.12141500064899446,True
10_photo_rotated,1.1145899998155073,55.64271499952156,11.49568700020609,18.25147100043978,47.50931800026592,197.11091499993927,0.0981029998001759,True
11_photo_overexp,1.3888129997212673,52.52238999946712,11.34617600018828,11.931742999877315,42.42291999980807,185.06628399973124,0.08173700007318985,True
12_scan_navy,1.2195730005259975,46.03491699981532,10.418914999718254,19.05376000013348,52.18821200014645,193.38310900002398,1.267698000447126,True
13_rect_photo,1.0559920001469436,39.38656300033472,8.0011399995783,17.257718999644567,45.44185499980813,162.7059559996269,0.17373199989378918,True
14_large_digital,0.36892499974783277,20.08802199998172,10.306434000085574,23.594739000145637,80.52431100077229,156.08615500059386,0.2545300003475859,True
