factor,level,grid_ok,cells_acc,clue_acc,exact
blur,0.5,True,1.0,1.0,True
blur,0.5,True,1.0,1.0,True
blur,0.5,True,1.0,1.0,True
blur,0.5,True,1.0,1.0,True
blur,1.0,True,1.0,1.0,True
blur,1.0,True,1.0,1.0,True
blur,1.0,True,1.0,1.0,True
blur,1.0,True,1.0,1.0,True
blur,1.5,True,1.0,1.0,True
blur,1.5,True,1.0,1.0,True
blur,1.5,True,1.0,1.0,True
blur,1.5,True,1.0,1.0,True
blur,2.0,True,1.0,1.0,True
blur,2.0,True,1.0,0.6363636363636364,False
blur,2.0,True,1.0,0.8333333333333334,False
blur,2.0,True,1.0,1.0,True
blur,2.5,True,1.0,0.4,False
blur,2.5,True,1.0,0.6666666666666666,False
blur,2.5,True,1.0,0.6363636363636364,False
blur,2.5,True,1.0,0.75,False
perspective,0.02,True,1.0,1.0,True
perspective,0.02,True,1.0,1.0,True
perspective,0.02,True,1.0,1.0,True
perspective,0.02,True,1.0,1.0,True
perspective,0.05,True,1.0,1.0,True
perspective,0.05,True,1.0,1.0,True
perspective,0.05,True,1.0,1.0,True
perspective,0.05,True,1.0,1.0,True
perspective,0.08,True,1.0,1.0,True
perspective,0.08,True,1.0,1.0,True
perspective,0.08,True,1.0,1.0,True
perspective,0.08,True,1.0,1.0,True
perspective,0.11,True,1.0,1.0,True
perspective,0.11,True,1.0,1.0,True
perspective,0.11,True,1.0,1.0,True
perspective,0.11,True,1.0,1.0,True
perspective,0.14,True,1.0,1.0,True
perspective,0.14,True,1.0,1.0,True
perspective,0.14,True,1.0,1.0,True
perspective,0.14,True,1.0,1.0,True
rotation,0.0,True,1.0,1.0,True
rotation,0.0,True,1.0,1.0,True
rotation,0.0,True,1.0,1.0,True
rotation,0.0,True,1.0,1.0,True
rotation,8.0,True,1.0,1.0,True
rotation,8.0,True,1.0,1.0,True
rotation,8.0,True,1.0,1.0,True
rotation,8.0,True,1.0,1.0,True
rotation,16.0,True,1.0,1.0,True
rotation,16.0,True,1.0,1.0,True
rotation,16.0,True,1.0,1.0,True
rotation,16.0,True,1.0,1.0,True
rotation,24.0,True,1.0,1.0,True
rotation,24.0,True,1.0,1.0,True
rotation,24.0,True,1.0,1.0,True
rotation,24.0,True,1.0,1.0,True
rotation,32.0,True,1.0,1.0,True
rotation,32.0,True,1.0,1.0,True
rotation,32.0,True,1.0,1.0,True
rotation,32.0,True,1.0,1.0,True
noise,2.0,True,1.0,1.0,True
noise,2.0,True,1.0,1.0,True
noise,2.0,True,1.0,1.0,True
noise,2.0,True,1.0,1.0,True
noise,6.0,True,1.0,1.0,True
noise,6.0,True,1.0,1.0,True
noise,6.0,True,1.0,1.0,True
noise,6.0,True,1.0,1.0,True
noise,10.0,True,1.0,1.0,True
noise,10.0,True,1.0,1.0,True
noise,10.0,True,1.0,1.0,True
noise,10.0,True,1.0,1.0,True
noise,14.0,True,1.0,1.0,True
noise,14.0,True,1.0,1.0,True
noise,14.0,True,1.0,1.0,True
noise,14.0,True,1.0,1.0,True
noise,18.0,True,1.0,1.0,True
noise,18.0,True,1.0,1.0,True
noise,18.0,True,1.0,1.0,True
noise,18.0,True,1.0,1.0,True
dark,0.9,True,1.0,1.0,True
dark,0.9,True,1.0,1.0,True
dark,0.9,True,1.0,1.0,True
dark,0.9,True,1.0,1.0,True
dark,0.7,True,1.0,1.0,True
dark,0.7,True,1.0,1.0,True
dark,0.7,True,1.0,1.0,True
dark,0.7,True,1.0,1.0,True
dark,0.5,True,1.0,1.0,True
dark,0.5,True,1.0,1.0,True
dark,0.5,True,1.0,1.0,True
dark,0.5,True,1.0,1.0,True
dark,0.35,True,1.0,1.0,True
dark,0.35,True,1.0,1.0,True
dark,0.35,True,1.0,1.0,True
dark,0.35,True,1.0,1.0,True
dark,0.25,True,1.0,1.0,True
dark,0.25,True,1.0,1.0,True
dark,0.25,True,1.0,1.0,True
dark,0.25,True,1.0,1.0,True
