imagen,celdas,log10 espacio inicial,log10 tras cotas,log10 tras GAC,fijadas por GAC (%)
01_digital_clean,18,17.176365169907847,8.595121288140943,0.0,100.0
02_digital_gray,28,26.718790264301095,18.908467379910643,0.0,100.0
03_digital_lowres,30,28.627275283179745,19.677663787641364,6.548873690446667,40.0
04_photo_mild,26,24.810305245422448,11.71802624631533,0.0,100.0
05_photo_angle,34,32.44424532093704,23.758371066021294,13.620626126173672,26.47058823529412
06_photo_dim,24,22.901820226543798,12.473053697851835,5.487421211359475,50.0
07_photo_shadow,40,38.169700377572994,26.11978862378772,0.0,100.0
08_photo_warm,32,30.535760302058396,13.904516740667535,0.0,100.0
09_photo_blur,23,21.947577717104473,18.03678500893974,0.0,100.0
10_photo_rotated,32,30.535760302058396,19.90848501887865,0.0,100.0
11_photo_overexp,28,26.718790264301095,10.730359981389057,0.0,100.0
12_scan_navy,40,38.169700377572994,23.71810788600404,5.997966221566086,60.0
13_rect_photo,34,32.44424532093704,22.154475853572844,0.0,100.0
14_large_digital,58,55.34606554748084,29.66329627413372,6.566602457407099,77.58620689655173
