image,cells_acc,clues_ok,clues_total,correct_solution,vision_s,tess_clues_ok,raw_clues_ok
01_digital_clean,1.0,14,14,True,0.046684700006153435,0,14
02_digital_gray,1.0,16,16,True,0.047994499997003004,0,16
03_digital_lowres,1.0,18,18,True,0.045681499992497265,0,18
04_photo_mild,1.0,20,20,True,0.06966419999662321,0,20
05_photo_angle,1.0,20,20,True,0.07528599999204744,0,20
06_photo_dim,1.0,18,18,True,0.06340499999350868,0,18
07_photo_shadow,1.0,26,26,True,0.08704990003025159,0,25
08_photo_warm,1.0,26,26,True,0.07906889998412225,0,26
09_photo_blur,1.0,14,14,True,0.05983389999892097,0,14
10_photo_rotated,1.0,24,24,True,0.08141870000690687,0,24
11_photo_overexp,1.0,22,22,True,0.07051869999850169,0,22
12_scan_navy,1.0,28,28,True,0.07776130001002457,0,28
13_rect_photo,1.0,24,24,True,0.06495529998210259,0,24
14_large_digital,1.0,44,44,True,0.09251359998597763,0,44
